<application>
  <component name="DefaultFont">
    <option name="VERSION" value="1" />
    <option name="FONT_SIZE" value="20" />
    <option name="FONT_SIZE_2D" value="20.0" />
    <option name="FONT_FAMILY" value="JetBrainsMono Nerd Font Mono" />
    <option name="FONT_REGULAR_SUB_FAMILY" value="SemiBold" />
    <option name="FONT_BOLD_SUB_FAMILY" value="ExtraBold" />
    <option name="LINE_SPACING" value="1.3" />
    <option name="SECONDARY_FONT_FAMILY" value="Consolas" />
  </component>
</application>