<application>
  <component name="FileTypeManager" version="18">
    <ignoreFiles list="*.pyc;*.pyo;*.rbc;*.yarb;*~;.DS_Store;.classpath;.git;.hg;.idea;.mvn;.project;.settings;.springBeans;.svn;CVS;HELP.md;META-INF;__pycache__;_svn;mvnw;mvnw.cmd;vssver.scc;vssver2.scc" />
    <extensionMap>
      <mapping pattern=".ideavimrc" type="AUTO_DETECTED" />
      <removed_mapping ext="apk" approved="true" type="ARCHIVE" />
      <removed_mapping ext="dockerignore" approved="true" type="DockerIgnore file" />
      <removed_mapping ext="fnc" approved="true" type="SQL" />
      <removed_mapping ext="ignore" approved="true" type="IgnoreLang file" />
      <removed_mapping ext="pdf" approved="true" type="Native" />
      <removed_mapping ext="pkb" approved="true" type="SQL" />
      <removed_mapping ext="pks" approved="true" type="SQL" />
      <removed_mapping ext="prc" approved="true" type="SQL" />
      <removed_mapping ext="psd" approved="true" type="Image" />
      <removed_mapping ext="tpb" approved="true" type="SQL" />
      <removed_mapping ext="tps" approved="true" type="SQL" />
      <removed_mapping ext="trg" approved="true" type="SQL" />
      <removed_mapping ext="vw" approved="true" type="SQL" />
    </extensionMap>
  </component>
</application>