<application>
  <component name="LafManager" autodetect="false">
    <laf class-name="com.intellij.ide.ui.laf.darcula.DarculaLaf" themeId="4f556d32-83cb-4b8b-9932-c4eccc4ce3af" />
    <lafs-to-previous-schemes>
      <laf-to-scheme laf="Clean Sheet" scheme="_@user_Default" />
      <laf-to-scheme laf="Darcula Liquid" scheme="_@user_Darcula Liquid" />
      <laf-to-scheme laf="Gruvbox Dark Hard" scheme="_@user_Gruvbox Dark Medium" />
      <laf-to-scheme laf="Hiberbee Dark" scheme="_@user_Hiberbee Dark" />
      <laf-to-scheme laf="Light with Light Header" scheme="_@user_Light" />
      <laf-to-scheme laf="Obsidian" scheme="_@user_Obsidian" />
      <laf-to-scheme laf="Obsidian Bright" scheme="_@user_Obsidian Bright" />
    </lafs-to-previous-schemes>
  </component>
</application>