<application>
  <component name="UISettings">
    <option name="MARK_MODIFIED_TABS_WITH_ASTERISK" value="true" />
    <option name="NAVIGATION_BAR_LOCATION" value="TOP" />
    <option name="OVERRIDE_NONIDEA_LAF_FONTS" value="true" />
    <option name="REMEMBER_SIZE_FOR_EACH_TOOL_WINDOW_NEW_UI" value="true" />
    <option name="SCROLL_TAB_LAYOUT_IN_EDITOR" value="false" />
    <option name="SHOW_NAVIGATION_BAR" value="false" />
    <option name="showTreeIndentGuides" value="true" />
  </component>
</application>