<application>
  <component name="Translation.Cache">
    <option name="lastTrimTime" value="1699188347837" />
  </component>
  <component name="Translation.Settings">
    <option name="primaryLanguage" value="CHINESE" />
    <option name="translateDocumentation" value="true" />
    <option name="translator" value="MICROSOFT" />
  </component>
  <component name="Translation.States">
    <histories>
      <item value="&lt;html&gt;Following columns have no computeddefault value and must be listed explicitly:&lt;br&gt;nick_name" />
      <item value="Unsafe query: 'Update' statement without 'where' updates all table rows at once" />
      <item value="Data truncation: Incorrect datetime value" />
      <item value="Operation not allowed after ResultSet closed" />
      <item value="Query: INSERT INTO school_class_manage (classs) VALUES (?) Parameters: [333]" />
      <item value="Statement.executeQuery() cannot issue statements that do not produce result sets" />
      <item value="get Selected Row" />
      <item value="Create an Object[] from the column values in one ResultSet row. The ResultSet should be positioned on a valid row before passing it to this method. Implementations of this method must not alter the row position of the ResultSet. Params: rs – ResultSet that supplies the array data Returns: the newly created array Throws: SQLException – if a database access error" />
      <item value="Wrong number of parameters: expected 4, was given 1" />
      <item value="No operations allowed after connection closed." />
      <item value="expected 0, was given 1" />
      <item value="Wrong number of parameters" />
      <item value="Parameters" />
      <item value="Loads and registers a database driver class. If this succeeds, it returns true, else it returns false. Params: driverClassName – of driver to load Returns: boolean true if the driver was found, otherwise false" />
      <item value="commit And Close" />
      <item value="close Quietly" />
      <item value="Constructor for QueryRunner that controls the use of ParameterMetaData. Params: pmdKnownBroken – Some drivers don't support java.sql.ParameterMetaData.getParameterType(int); if pmdKnownBroken is set to true, we won't even try it; if false, we'll try it, and if it breaks, we'll remember not to use it again." />
      <item value="Executes SQL queries with pluggable strategies for handling &lt;code&gt;ResultSet&lt;code&gt;s. This class is thread safe. @see ResultSetHandler" />
      <item value="Constructor for QueryRunner." />
      <item value="Licensed to the Apache Software Foundation (ASF) under one or more contributor license agreements. See the NOTICE file distributed with this work for additional information regarding copyright ownership. The ASF licenses this file to You under the Apache License, Version 2.0 (the &quot;License&quot;); you may not use this file except in compliance with the License. You may obtain a copy of the License at http:www.apache.orglicensesLICENSE-2.0 Unless required by applicable law or agreed to in writing, software distributed under the License is distributed on an &quot;AS IS&quot; BASIS, WITHOUT WARRANTIES OR CONDITIONS OF ANY KIND, either express or implied. See the License for the specific language governing permissions and limitations under the License." />
    </histories>
    <option name="languageScores">
      <map>
        <entry key="CHINESE" value="19" />
        <entry key="ENGLISH" value="20" />
      </map>
    </option>
  </component>
</application>